Workbook

Sheet 组件
B1: 库存更新日期： | E1: 46177 | F1: 组件库存不足的需要询问周文娟备货情况，不要直接使用 | K1: 此列勿动
B2: 玻璃类型 | C2: 功率 | D2: 排产情况 | E2: 物料编号 | F2: 物料名称 | G2: 仓库名称 | H2: 可用库存 | I2: 备注 | K2: 物料编号
B3: 双玻 | C3: 730W | D3: 在排产 | E3: 6B001492 | F3: 销售组件_TSM-NEG21C.20_730W_18BB_银边框_33mm_竖装_倒斜角_高反_2384*1303mm_Q1 | G3: 天合富家-南宁仓 | H3: ==VLOOKUP(G3&K3,工作表1!A:H,8,0) -> 2427 | K3: 6B001492
G4: 天合富家-徐州仓 | H4: ==VLOOKUP(G4&K4,工作表1!A:H,8,0) -> #N/A | K4: 6B001492
G5: 天合富家-佛山仓 | H5: ==VLOOKUP(G5&K5,工作表1!A:H,8,0) -> #N/A | K5: 6B001492
G6: 天合富家-郑州仓 | H6: ==VLOOKUP(G6&K6,工作表1!A:H,8,0) -> 9353 | K6: 6B001492
G7: 天合富家-金华仓 | H7: ==VLOOKUP(G7&K7,工作表1!A:H,8,0) -> 973 | K7: 6B001492
G8: 天合富家-常州西北仓 | H8: ==VLOOKUP(G8&K8,工作表1!A:H,8,0) -> 7737 | K8: 6B001492
G9: 天合富家-湘潭仓 | H9: ==VLOOKUP(G9&K9,工作表1!A:H,8,0) -> 2578 | K9: 6B001492
G10: 天合富家-武汉仓 | H10: ==VLOOKUP(G10&K10,工作表1!A:H,8,0) -> 3149 | K10: 6B001492
G11: 天合富家-济南仓 | H11: ==VLOOKUP(G11&K11,工作表1!A:H,8,0) -> 2899 | K11: 6B001492
C12: 720W | D12: 停止排产 | E12: 6B001455 | F12: 销售组件_TSM-NEG21C.20_720W_18BB_银边框_33mm_竖装_倒斜角_高反_2384*1303mm_Q | G12: 天合富家-常州西北仓 | H12: ==VLOOKUP(G12&K12,工作表1!A:H,8,0) -> 0 | K12: 6B001455
C13: 715W | D13: 停止排产 | E13: 6B001440 | F13: 销售组件_TSM-NEG21C.20_715W_18BB_银边框_33mm_竖装_倒斜角_高反_2384*1303mm_Q | G13: 天合富家-南宁仓 | H13: ==VLOOKUP(G13&K13,工作表1!A:H,8,0) -> #N/A | K13: 6B001440
G14: 天合富家-徐州仓 | H14: ==VLOOKUP(G14&K14,工作表1!A:H,8,0) -> #N/A | K14: 6B001440
G15: 天合富家-佛山仓 | H15: ==VLOOKUP(G15&K15,工作表1!A:H,8,0) -> #N/A | K15: 6B001440
G16: 天合富家-郑州仓 | H16: ==VLOOKUP(G16&K16,工作表1!A:H,8,0) -> 0 | K16: 6B001440
G17: 天合富家-金华仓 | H17: ==VLOOKUP(G17&K17,工作表1!A:H,8,0) -> 0 | K17: 6B001440
G18: 天合富家-常州西北仓 | H18: ==VLOOKUP(G18&K18,工作表1!A:H,8,0) -> 0 | K18: 6B001440
G19: 天合富家-湘潭仓 | H19: ==VLOOKUP(G19&K19,工作表1!A:H,8,0) -> 0 | K19: 6B001440
G20: 天合富家-武汉仓 | H20: ==VLOOKUP(G20&K20,工作表1!A:H,8,0) -> 0 | K20: 6B001440
G21: 天合富家-济南仓 | H21: ==VLOOKUP(G21&K21,工作表1!A:H,8,0) -> #N/A | K21: 6B001440
E22: 6B001469 | F22: 销售组件_TSM-NEG21C.20_715W_18BB_银边框_横/竖装_线缆长度+350/-280_EPE/高透_安装孔间距1400_2384*1303*33_Q1（华电江苏专用） | G22: 天合富家-常州西北仓 | H22: ==VLOOKUP(G22&K22,工作表1!A:H,8,0) -> 11 | I22: 江苏华电项目专用 | K22: 6B001469
G23: 天合富家-徐州仓 | H23: ==VLOOKUP(G23&K23,工作表1!A:H,8,0) -> #N/A | K23: 6B001469
G24: 天合富家-金华仓 | H24: ==VLOOKUP(G24&K24,工作表1!A:H,8,0) -> #N/A | K24: 6B001469
E25: 6B001476 | F25: 销售组件_TSM-NEG21C.20_715W_18BB_银边框_横/竖装_线缆长度+350/-280_EPE/高透_安装孔间距1400_2384*1303*33_Q1（华电河南直采） | G25: 天合富家-郑州仓 | H25: ==VLOOKUP(G25&K25,工作表1!A:H,8,0) -> 0 | I25: 河南华电项目专用 | K25: 6B001476
G26: 天合富家-常州西北仓 | H26: ==VLOOKUP(G26&K26,工作表1!A:H,8,0) -> 0 | K26: 6B001476
C27: 710W | D27: 停止排产 | E27: 6B001432 | F27: 销售组件_TSM-NEG21C.20_710W_18BB_银边框_横/竖装_线缆长度+350/-280_EPE/高透_安装孔间距1400_2384*1303*33_Q1（华电河南直采） | G27: 天合富家-郑州仓 | H27: ==VLOOKUP(G27&K27,工作表1!A:H,8,0) -> 0 | I27: 河南华电项目专用 | K27: 6B001432
E28: 6B001439 | F28: 销售组件_TSM-NEG21C.20_710W_18BB_银边框_横/竖装_线缆长度+350/-280_EPE/高透_安装孔间距1400_2384*1303*33_Q1（华电江苏专用） | G28: 天合富家-常州西北仓 | H28: ==VLOOKUP(G28&K28,工作表1!A:H,8,0) -> 166 | I28: 江苏华电项目专用 | K28: 6B001439
G29: 天合富家-徐州仓 | H29: ==VLOOKUP(G29&K29,工作表1!A:H,8,0) -> #N/A | K29: 6B001439
E30: 6B001413 | F30: 销售组件_TSM-NEG21C.20_710W_18BB_银边框_33mm_竖装_倒斜角_高反_2384*1303mm_Q | G30: 天合富家-湘潭仓 | H30: ==VLOOKUP(G30&K30,工作表1!A:H,8,0) -> #N/A | K30: 6B001413
G31: 天合富家-常州西北仓 | H31: ==VLOOKUP(G31&K31,工作表1!A:H,8,0) -> 0 | K31: 6B001413
G32: 天合富家-徐州仓 | H32: ==VLOOKUP(G32&K32,工作表1!A:H,8,0) -> #N/A | K32: 6B001413
G33: 天合富家-济南仓 | H33: ==VLOOKUP(G33&K33,工作表1!A:H,8,0) -> #N/A | K33: 6B001413
G34: 天合富家-郑州仓 | H34: ==VLOOKUP(G34&K34,工作表1!A:H,8,0) -> #N/A | K34: 6B001413
G35: 天合富家-昆明仓 | H35: ==VLOOKUP(G35&K35,工作表1!A:H,8,0) -> #N/A | K35: 6B001413
G36: 天合富家-佛山仓 | H36: ==VLOOKUP(G36&K36,工作表1!A:H,8,0) -> #N/A | K36: 6B001413
G37: 天合富家-武汉仓 | H37: ==VLOOKUP(G37&K37,工作表1!A:H,8,0) -> 0 | K37: 6B001413
C38: 705W | D38: 停止排产 | E38: 6B001431 | F38: 销售组件_TSM-NEG21C.20_705W_18BB_银边框_横/竖装_线缆长度+350/-280_EPE/高透_安装孔间距1400_2384*1303*33_Q1（华电河南直采） | G38: 天合富家-郑州仓 | H38: ==VLOOKUP(G38&K38,工作表1!A:H,8,0) -> 120 | I38: 河南华电项目专用 | K38: 6B001431
E39: 6B001438 | F39: 销售组件_TSM-NEG21C.20_705W_18BB_银边框_横/竖装_线缆长度+350/-280_EPE/高透_安装孔间距1400_2384*1303*33_Q1（华电江苏专用） | G39: 天合富家-常州西北仓 | H39: ==VLOOKUP(G39&K39,工作表1!A:H,8,0) -> 89 | I39: 江苏华电项目专用 | K39: 6B001438
G40: 天合富家-徐州仓 | H40: ==VLOOKUP(G40&K40,工作表1!A:H,8,0) -> #N/A | K40: 6B001438
E41: 6B001410 | F41: 销售组件_TSM-NEG21C.20_705W_18BB_银边框_33mm_竖装_倒斜角_高反_2384*1303mm_Q | G41: 天合富家-武汉仓 | H41: ==VLOOKUP(G41&K41,工作表1!A:H,8,0) -> 0 | K41: 6B001410
C42: 700W | D42: 停止排产 | E42: 6B001241 | F42: 销售组件_TSM-NEG21C.20_700W_18BB_银边框_33mm_竖装_倒斜角_高反_2384*1303mm_Q | G42: 天合富家-金华仓 | H42: ==VLOOKUP(G42&K42,工作表1!A:H,8,0) -> #N/A | K42: 6B001241
C43: 690W | D43: 停止排产 | E43: 6B001239 | F43: 销售组件_TSM-NEG21C.20_690W_18BB_银边框_33mm_竖装_倒斜角_高反_2384*1303mm_Q1 | G43: 天合富家-佛山仓 | H43: ==VLOOKUP(G43&K43,工作表1!A:H,8,0) -> #N/A | K43: 6B001239
C44: 660W | D44: 停止排产 | E44: 6B001028 | F44: RSVG销售组件_TSM-DEG21C.20_660W_12BB_银边框_33mm_竖装_倒斜角_高反_2384*1303mm_Q1 | G44: 天合富家-佛山仓 | H44: ==VLOOKUP(G44&K44,工作表1!A:H,8,0) -> #N/A | K44: 6B001028
G45: 天合富家-郑州仓 | H45: ==VLOOKUP(G45&K45,工作表1!A:H,8,0) -> #N/A | K45: 6B001028
C46: 635W | D46: 在排产 | E46: 6B001491 | F46: 销售组件_TSM-NEG19RC.20_635W_16BB_银边框_30mm_竖装_倒斜角_高反_2382*1134mm_Q1 | G46: 天合富家-常州西北仓 | H46: ==VLOOKUP(G46&K46,工作表1!A:H,8,0) -> 0 | K46: 6B001491
C47: 630W | D47: 停止排产 | E47: 6B001379 | F47: 销售组件_TSM-NEG20MC.20_630W_16BB_银边框_30mm_竖装_倒斜角_高透_2465*1134mm_Q1 | G47: 天合富家-济南仓 | H47: ==VLOOKUP(G47&K47,工作表1!A:H,8,0) -> 20 | K47: 6B001379
E48: 6B001505 | F48: 销售组件_TSM-NEG19RC.20_630W_16BB_银边框_30mm_竖装_倒斜角_高反_2382*1134mm_QT | G48: 天合富家-常州西北仓 | H48: ==VLOOKUP(G48&K48,工作表1!A:H,8,0) -> #N/A | I48: 特价组件 | K48: 6B001505
C49: 625W | D49: 停止排产 | E49: 6B001378 | F49: 销售组件_TSM-NEG20MC.20_625W_16BB_银边框_30mm_竖装_倒斜角_高透_2465*1134mm_Q1 | G49: 天合富家-济南仓 | H49: ==VLOOKUP(G49&K49,工作表1!A:H,8,0) -> 352 | K49: 6B001378
E50: 6B001452 | F50: 销售组件_TSM-NEG19RC.20_625W_12BB_银边框_30mm_竖装_倒斜角_高反_2382*1134mm_Q1 | G50: 天合富家-常州西北仓 | H50: ==VLOOKUP(G50&K50,工作表1!A:H,8,0) -> 6 | I50: 小包装组件，仅限阳台光伏使用 | K50: 6B001452
C51: 620W | D51: 停止排产 | E51: 6B001436 | F51: 销售组件_TSM-NEG19RC.20_620W_12BB_银边框_30mm_竖装_倒斜角_高反_2382*1134mm_Q1 | G51: 天合富家-常州西北仓 | H51: ==VLOOKUP(G51&K51,工作表1!A:H,8,0) -> 148 | K51: 6B001436
E52: 6B001507 | F52: 销售组件_TSM-NEG19RC.20_620W_16BB_银边框_30mm_竖装_倒斜角_高反_2382*1134mm_Q1-T | G52: 天合富家-常州西北仓 | H52: ==VLOOKUP(G52&K52,工作表1!A:H,8,0) -> #N/A | I52: 特价组件 | K52: 6B001507
C53: 615W | D53: 停止排产 | E53: 6B001391 | F53: 销售组件_TSM-NEG19RC.20_615W_12BB_银边框_30mm_竖装_倒斜角_高反_2382*1134mm_Q1 | G53: 天合富家-常州西北仓 | H53: ==VLOOKUP(G53&K53,工作表1!A:H,8,0) -> 274 | K53: 6B001391
C54: 610W | D54: 停止排产 | E54: 6B001390 | F54: 销售组件_TSM-NEG19RC.20_610W_12BB_银边框_30mm_竖装_倒斜角_高反_2382*1134mm_Q1 | G54: 天合富家-常州西北仓 | H54: ==VLOOKUP(G54&K54,工作表1!A:H,8,0) -> 16 | K54: 6B001390
C55: 600W | D55: 停止排产 | E55: 6B001244 | F55: 销售组件_TSM-NEG19RC.20_600W_12BB_银边框_30mm_竖装_倒斜角_高反_2384*1134mm_Q1 | G55: 天合富家-常州西北仓 | H55: ==VLOOKUP(G55&K55,工作表1!A:H,8,0) -> 27 | K55: 6B001244
G56: 天合富家-徐州仓 | H56: ==VLOOKUP(G56&K56,工作表1!A:H,8,0) -> #N/A | K56: 6B001244
C57: 595W | D57: 停止排产 | E57: 6B001146 | F57: 销售组件_TSM-NEG19RC.20_595W_12BB_银边框_30mm_竖装_倒斜角_高反_2384*1134mm_Q1 | G57: 天合富家-常州西北仓 | H57: ==VLOOKUP(G57&K57,工作表1!A:H,8,0) -> 0 | K57: 6B001146
G58: 天合富家-济南仓 | H58: ==VLOOKUP(G58&K58,工作表1!A:H,8,0) -> #N/A | K58: 6B001146
G59: 天合富家-徐州仓 | H59: ==VLOOKUP(G59&K59,工作表1!A:H,8,0) -> #N/A | K59: 6B001146
C60: 445W | D60: 1477停产，后续换型号 | E60: 6B001477 | F60: 销售组件_TSM-NEG9RC.27_445W_14BB_黑边框_30mm_竖装_倒斜角_高反_1762*1134mm_Q1 | G60: 天合富家-常州西北仓 | H60: ==VLOOKUP(G60&K60,工作表1!A:H,8,0) -> 319 | K60: 6B001477
F61: 销售组件_TSM-NEG9RC.27_445W_14BB_黑边框_30mm_竖装_倒斜角_高反_1762*1134mm_Q1 | G61: 天合富家-武汉仓 | H61: ==VLOOKUP(G61&K61,工作表1!A:H,8,0) -> 114 | K61: 6B001477
F62: 销售组件_TSM-NEG9RC.27_445W_14BB_黑边框_30mm_竖装_倒斜角_高反_1762*1134mm_Q1 | G62: 天合富家-徐州仓 | H62: ==VLOOKUP(G62&K62,工作表1!A:H,8,0) -> #N/A | K62: 6B001477
F63: 销售组件_TSM-NEG9RC.27_445W_14BB_黑边框_30mm_竖装_倒斜角_高反_1762*1134mm_Q1 | G63: 天合富家-湘潭仓 | H63: ==VLOOKUP(G63&K63,工作表1!A:H,8,0) -> #N/A | K63: 6B001477
C64: 410W | D64: 停止排产 | E64: 6A006059 | F64: RSVG销售组件_TSM-DEG15MC.20(II)_410W_9BB_银边框_30mm_竖装_2024*1002mm_Q1 | G64: 天合富家-济南仓 | H64: ==VLOOKUP(G64&K64,工作表1!A:H,8,0) -> 2 | K64: 6A006059
C65: 405W | D65: 停止排产 | E65: 6A006058 | F65: RSVG销售组件_TSM-DEG15MC.20(II)_405W_9BB_银边框_30mm_竖装_2024*1002mm_Q1 | G65: 天合富家-济南仓 | H65: ==VLOOKUP(G65&K65,工作表1!A:H,8,0) -> 12 | K65: 6A006058
B66: 单玻 | C66: 665W | D66: 停止排产 | E66: 6B001084 | F66: RSVG销售组件_TSM-DE21_665W_12BB_银边框_33mm_竖装_倒斜角_高反_2384*1303mm_Q1 | G66: 天合富家-徐州仓 | H66: ==VLOOKUP(G66&K66,工作表1!A:H,8,0) -> #N/A | K66: 6B001084
C67: 650W | D67: 停止排产 | E67: 6A009104 | F67: RSVG销售组件_TSM-DE21_650W_12BB_银边框_35mm_竖装_倒斜角_高反_2384*1303mm_Q1 | G67: 天合富家-常州西北仓 | H67: ==VLOOKUP(G67&K67,工作表1!A:H,8,0) -> 1 | K67: 6A009104
C68: 615W | D68: 停止排产 | E68: 6B001389 | F68: 销售组件_TSM-NE19R_615W_16BB_银边框_30mm_竖装_倒斜角_高反_2382*1134mm_Q1 | G68: 天合富家-常州西北仓 | H68: ==VLOOKUP(G68&K68,工作表1!A:H,8,0) -> 10 | K68: 6B001389
C69: 575W | D69: 停止排产 | E69: 6A010917 | F69: RSVG销售组件_TSM-DE19R_575W_12BB_银边框_35mm_竖装_倒斜角_高反_2384*1134mm_Q1 | G69: 天合富家-佛山仓 | H69: ==VLOOKUP(G69&K69,工作表1!A:H,8,0) -> #N/A | K69: 6A010917
G70: 天合富家-武汉仓 | H70: ==VLOOKUP(G70&K70,工作表1!A:H,8,0) -> 1 | K70: 6A010917
G71: 天合富家-济南仓 | H71: ==VLOOKUP(G71&K71,工作表1!A:H,8,0) -> 191 | K71: 6A010917
G72: 天合富家-常州西北仓 | H72: ==VLOOKUP(G72&K72,工作表1!A:H,8,0) -> 125 | K72: 6A010917
G73: 天合富家-徐州仓 | H73: ==VLOOKUP(G73&K73,工作表1!A:H,8,0) -> #N/A | K73: 6A010917
E74: 6B001136 | F74: 销售组件_TSM-DE19R_575W_12BB_银边框_30mm_竖装_倒斜角_高反_2384*1134mm_Q1 | G74: 天合富家-徐州仓 | H74: ==VLOOKUP(G74&K74,工作表1!A:H,8,0) -> #N/A | K74: 6B001136
G75: 天合富家-济南仓 | H75: ==VLOOKUP(G75&K75,工作表1!A:H,8,0) -> #N/A | K75: 6B001136
G76: 天合富家-常州西北仓 | H76: ==VLOOKUP(G76&K76,工作表1!A:H,8,0) -> 0 | K76: 6B001136
C77: 570W | D77: 停止排产 | E77: 6A010916 | F77: RSVG销售组件_TSM-DE19R_570W_12BB_银边框_35mm_竖装_倒斜角_高反_2384*1134mm_Q1 | G77: 天合富家-徐州仓 | H77: ==VLOOKUP(G77&K77,工作表1!A:H,8,0) -> #N/A | K77: 6A010916
G78: 天合富家-常州西北仓 | H78: ==VLOOKUP(G78&K78,工作表1!A:H,8,0) -> 58 | K78: 6A010916
G79: 天合富家-郑州仓 | H79: ==VLOOKUP(G79&K79,工作表1!A:H,8,0) -> #N/A | K79: 6A010916
C80: 565W | D80: 停止排产 | E80: 6B001088 | F80: 销售组件_TSM-DE19R_565W_12BB_银边框_35mm_竖装_倒斜角_高反_2384*1134mm_Q1 | G80: 天合富家-徐州仓 | H80: ==VLOOKUP(G80&K80,工作表1!A:H,8,0) -> #N/A | K80: 6B001088

Sheet 逆变器
B1: 库存更新日期： | C1: 46177 | E1: 如果不是项目强制要求，尽量不要使用原厂机 | J1: 此列勿动
B2: 厂家 | C2: 功率 | D2: 物料编号 | E2: 物料名称 | F2: 仓库名称 | G2: 可用库存 | H2: 备注 | J2: 物料编号 | K2: 价格排序（数字越大则越贵）
B3: 爱士惟 | C3: 6KW三相 | D3: AB002001 | E3: 组串式逆变器ASW6K-LT-G2 Pro_6kW_2路(16A/16A)_三相_180-1100V_IP66_WiFi_自然冷却 | F3: 天合富家-常州西北仓 | G3: ==VLOOKUP(F3&J3,工作表1!A:H,8,0) -> 20 | H3: 未上架 | J3: AB002001 | K3: #N/A
C4: 8KW单相 | D4: AA002219 | E4: 组串式逆变器_TS-SN8KTLE-T2_8kW_2路_单相_80-600_220/230V_NB/T32004_IP65_GPRS_自然冷却_天合原装专用(20A/20A) | F4: 天合富家-金华仓 | G4: ==VLOOKUP(F4&J4,工作表1!A:H,8,0) -> #N/A | J4: AA002219 | K4: 102
F5: 天合富家-常州西北仓 | G5: ==VLOOKUP(F5&J5,工作表1!A:H,8,0) -> #N/A | J5: AA002219 | K5: 102
F6: 天合富家-徐州仓 | G6: ==VLOOKUP(F6&J6,工作表1!A:H,8,0) -> #N/A | J6: AA002219 | K6: 102
C7: 10KW单相 | D7: AA002220 | E7: 组串式逆变器_TS-SN10KTLE-T3_10kW_3路_单相_80-600V_220/230V_NB/T32004_IP65_GPRS_自然冷却_天合原装专用(20A/16A/20A) | F7: 天合富家-武汉仓 | G7: ==VLOOKUP(F7&J7,工作表1!A:H,8,0) -> 0 | J7: AA002220 | K7: 130
F8: 天合富家-金华仓 | G8: ==VLOOKUP(F8&J8,工作表1!A:H,8,0) -> 0 | J8: AA002220 | K8: 130
F9: 天合富家-常州西北仓 | G9: ==VLOOKUP(F9&J9,工作表1!A:H,8,0) -> 10 | J9: AA002220 | K9: 130
F10: 天合富家-郑州仓 | G10: ==VLOOKUP(F10&J10,工作表1!A:H,8,0) -> #N/A | J10: AA002220 | K10: 130
C11: 10KW三相 | D11: AB002002 | E11: 组串式逆变器ASW10K-LT-G2 Pro_10kW_2路(20A/16A)_三相_180-1100V_IP66_WiFi_自然冷却 | F11: 天合富家-常州西北仓 | G11: ==VLOOKUP(F11&J11,工作表1!A:H,8,0) -> 160 | H11: 未上架 | J11: AB002002 | K11: #N/A
C12: 12KW三相 | D12: AA002151 | E12: 组串式逆变器_TS-SN12KTL3E-U2_12kW_2路_三相_125-1100V_380/400V_NB/T32004_IP65_GPRS_风冷_天合原装专用（32A/20A） | F12: 天合富家-佛山仓 | G12: ==VLOOKUP(F12&J12,工作表1!A:H,8,0) -> #N/A | J12: AA002151 | K12: 1
F13: 天合富家-南宁仓 | G13: ==VLOOKUP(F13&J13,工作表1!A:H,8,0) -> #N/A | J13: AA002151 | K13: 1
F14: 天合富家-武汉仓 | G14: ==VLOOKUP(F14&J14,工作表1!A:H,8,0) -> #N/A | J14: AA002151 | K14: 1
F15: 天合富家-金华仓 | G15: ==VLOOKUP(F15&J15,工作表1!A:H,8,0) -> 3 | J15: AA002151 | K15: 1
F16: 天合富家-常州西北仓 | G16: ==VLOOKUP(F16&J16,工作表1!A:H,8,0) -> 0 | J16: AA002151 | K16: 1
F17: 天合富家-济南仓 | G17: ==VLOOKUP(F17&J17,工作表1!A:H,8,0) -> 1 | J17: AA002151 | K17: 1
F18: 天合富家-徐州仓 | G18: ==VLOOKUP(F18&J18,工作表1!A:H,8,0) -> #N/A | J18: AA002151 | K18: 1
F19: 天合富家-郑州仓 | G19: ==VLOOKUP(F19&J19,工作表1!A:H,8,0) -> 0 | J19: AA002151 | K19: 1
D20: AB002013 | E20: 组串式逆变器ASW12K-LT-G2 Pro_12kW_2路(20A/20A)_三相_180-1100V_IP66_WiFi_自然冷却 | F20: 天合富家-常州西北仓 | G20: ==VLOOKUP(F20&J20,工作表1!A:H,8,0) -> 10 | H20: 未上架 | J20: AB002013 | K20: #N/A
C21: 17KW三相 | D21: AA002414 | E21: 组串式逆变器_TS-SN17KTL3E-U2_17kW_2路_三相_150-1100V_380/400V_NB/T32004_IP65_GPRS_风冷_天合原装专用（32A/32A） | F21: 天合富家-常州西北仓 | G21: ==VLOOKUP(F21&J21,工作表1!A:H,8,0) -> 0 | J21: AA002414 | K21: 67
F22: 天合富家-郑州仓 | G22: ==VLOOKUP(F22&J22,工作表1!A:H,8,0) -> 0 | J22: AA002414 | K22: 67
C23: 20KW三相 | D23: AA002415 | E23: 组串式逆变器_TS-SN20KTL3E-U2_20kW_2路_三相_150-1100V_380/400V_NB/T32004_IP65_GPRS_风冷_天合原装专用（32A/32A） | F23: 天合富家-武汉仓 | G23: ==VLOOKUP(F23&J23,工作表1!A:H,8,0) -> 0 | J23: AA002415 | K23: 57
F24: 天合富家-常州西北仓 | G24: ==VLOOKUP(F24&J24,工作表1!A:H,8,0) -> 38 | J24: AA002415 | K24: 57
C25: 25KW三相 | D25: AA002416 | E25: 组串式逆变器_TS-SN25KTL3E-U2_25kW_2路_三相_150-1100V_380/400V_NB/T32004_IP65_GPRS_风冷_天合原装专用（40A/32A） | F25: 天合富家-佛山仓 | G25: ==VLOOKUP(F25&J25,工作表1!A:H,8,0) -> #N/A | J25: AA002416 | K25: 87
F26: 天合富家-南宁仓 | G26: ==VLOOKUP(F26&J26,工作表1!A:H,8,0) -> #N/A | J26: AA002416 | K26: 87
F27: 天合富家-武汉仓 | G27: ==VLOOKUP(F27&J27,工作表1!A:H,8,0) -> #N/A | J27: AA002416 | K27: 87
F28: 天合富家-金华仓 | G28: ==VLOOKUP(F28&J28,工作表1!A:H,8,0) -> 0 | J28: AA002416 | K28: 87
F29: 天合富家-常州西北仓 | G29: ==VLOOKUP(F29&J29,工作表1!A:H,8,0) -> 18 | J29: AA002416 | K29: 87
F30: 天合富家-徐州仓 | G30: ==VLOOKUP(F30&J30,工作表1!A:H,8,0) -> #N/A | J30: AA002416 | K30: 87
F31: 天合富家-郑州仓 | G31: ==VLOOKUP(F31&J31,工作表1!A:H,8,0) -> 0 | J31: AA002416 | K31: 87
D32: AB001333 | E32: 组串式逆变器_ASW25K-LT-G2_25kW_2路_三相_180-1100V_380/400V_NB/T32004_IP66_4G/RS485_风冷_爱士惟(40A/32A) | F32: 天合富家-常州西北仓 | G32: ==VLOOKUP(F32&J32,工作表1!A:H,8,0) -> #N/A | H32: 原厂机 | J32: AB001333 | K32: 99
C33: 30KW三相 | D33: AB001066 | E33: 组串式逆变器_TS-SN30KTL3E-U3_30kW_3路_三相_200-1100V_380/400V_NB/T32004_IP65_GPRS_风冷_天合原装专用(40A/20A/30A) | F33: 天合富家-佛山仓 | G33: ==VLOOKUP(F33&J33,工作表1!A:H,8,0) -> #N/A | J33: AB001066 | K33: 119
F34: 天合富家-武汉仓 | G34: ==VLOOKUP(F34&J34,工作表1!A:H,8,0) -> #N/A | J34: AB001066 | K34: 119
F35: 天合富家-常州西北仓 | G35: ==VLOOKUP(F35&J35,工作表1!A:H,8,0) -> 0 | J35: AB001066 | K35: 119
F36: 天合富家-徐州仓 | G36: ==VLOOKUP(F36&J36,工作表1!A:H,8,0) -> #N/A | J36: AB001066 | K36: 119
D37: AB001334 | E37: 组串式逆变器_ASW30K-LT-G2_30kW_3路_三相_180-1100V_380/400V_NB/T32004_IP66_4G/RS485_风冷_爱士惟(40A/20A/40A) | F37: 天合富家-常州西北仓 | G37: ==VLOOKUP(F37&J37,工作表1!A:H,8,0) -> #N/A | H37: 原厂机 | J37: AB001334 | K37: 134
C38: 36KW三相 | D38: AB001176 | E38: 组串式逆变器_TS-SN36KTL3E-U4_36kW_4路_三相_180-1100V_380/400V_NB/T32004_IP65_GPRS_风冷_天合原装专用（40A/32A/20A/20A） | F38: 天合富家-武汉仓 | G38: ==VLOOKUP(F38&J38,工作表1!A:H,8,0) -> #N/A | J38: AB001176 | K38: 198
C39: 40KW三相 | D39: AB001177 | E39: 组串式逆变器_TS-SN40KTL3E-U4_40kW_4路_三相_180-1100V_380/400V_NB/T32004_IP65_GPRS_风冷_天合原装专用（40A/32A/20A/20A） | F39: 天合富家-武汉仓 | G39: ==VLOOKUP(F39&J39,工作表1!A:H,8,0) -> 0 | J39: AB001177 | K39: 201
F40: 天合富家-徐州仓 | G40: ==VLOOKUP(F40&J40,工作表1!A:H,8,0) -> #N/A | J40: AB001177 | K40: 201
F41: 天合富家-昆明仓 | G41: ==VLOOKUP(F41&J41,工作表1!A:H,8,0) -> 0 | J41: AB001177 | K41: 201
F42: 天合富家-郑州仓 | G42: ==VLOOKUP(F42&J42,工作表1!A:H,8,0) -> #N/A | J42: AB001177 | K42: 201
C43: 50KW三相 | D43: AB001178 | E43: 组串式逆变器_TS-SN50KTL3E-X4_50kW_4路_三相_200-1100V_380/400V_NB/T32004_IP65_GPRS_风冷_天合原装专用（40A/40A/20A/32A） | F43: 天合富家-佛山仓 | G43: ==VLOOKUP(F43&J43,工作表1!A:H,8,0) -> #N/A | J43: AB001178 | K43: 226
F44: 天合富家-南宁仓 | G44: ==VLOOKUP(F44&J44,工作表1!A:H,8,0) -> #N/A | J44: AB001178 | K44: 226
F45: 天合富家-武汉仓 | G45: ==VLOOKUP(F45&J45,工作表1!A:H,8,0) -> 0 | J45: AB001178 | K45: 226
F46: 天合富家-金华仓 | G46: ==VLOOKUP(F46&J46,工作表1!A:H,8,0) -> 0 | J46: AB001178 | K46: 226
F47: 天合富家-常州西北仓 | G47: ==VLOOKUP(F47&J47,工作表1!A:H,8,0) -> 0 | J47: AB001178 | K47: 226
F48: 天合富家-济南仓 | G48: ==VLOOKUP(F48&J48,工作表1!A:H,8,0) -> #N/A | J48: AB001178 | K48: 226
F49: 天合富家-徐州仓 | G49: ==VLOOKUP(F49&J49,工作表1!A:H,8,0) -> #N/A | J49: AB001178 | K49: 226
F50: 天合富家-湘潭仓 | G50: ==VLOOKUP(F50&J50,工作表1!A:H,8,0) -> #N/A | J50: AB001178 | K50: 226
F51: 天合富家-昆明仓 | G51: ==VLOOKUP(F51&J51,工作表1!A:H,8,0) -> 0 | J51: AB001178 | K51: 226
F52: 天合富家-郑州仓 | G52: ==VLOOKUP(F52&J52,工作表1!A:H,8,0) -> 0 | J52: AB001178 | K52: 226
B53: 奥克斯 | C53: 20KW三相 | D53: AB001348 | E53: 组串式逆变器_TS-SN20KTL3U-S2_20kW_2路_三相_200-1100V_380/400V_NB/T32004_IP66_GPRS_风冷_天合原装专用(40A/32A) | F53: 天合富家-佛山仓 | G53: ==VLOOKUP(F53&J53,工作表1!A:H,8,0) -> #N/A | J53: AB001348 | K53: 59
F54: 天合富家-昆明仓 | G54: ==VLOOKUP(F54&J54,工作表1!A:H,8,0) -> 0 | J54: AB001348 | K54: 59
F55: 天合富家-郑州仓 | G55: ==VLOOKUP(F55&J55,工作表1!A:H,8,0) -> 0 | J55: AB001348 | K55: 59
C56: 25KW三相 | D56: AB001305 | E56: 组串式逆变器_TS-SN25KTL3U-S2_25kW_2路_三相_150-1100V_380/400V_NB/T32004_IP66_GPRS_风冷_天合原装专用(40A/32A) | F56: 天合富家-佛山仓 | G56: ==VLOOKUP(F56&J56,工作表1!A:H,8,0) -> #N/A | J56: AB001305 | K56: 97
F57: 天合富家-南宁仓 | G57: ==VLOOKUP(F57&J57,工作表1!A:H,8,0) -> 0 | J57: AB001305 | K57: 97
C58: 30KW三相 | D58: AB001306 | E58: 组串式逆变器_TS-SN30KTL3U-S3_30kW_3路_三相_150-1100V_380/400V_NB/T32004_IP66_GPRS_风冷_天合原装专用(40A/32A/32A) | F58: 天合富家-佛山仓 | G58: ==VLOOKUP(F58&J58,工作表1!A:H,8,0) -> #N/A | J58: AB001306 | K58: 110
F59: 天合富家-金华仓 | G59: ==VLOOKUP(F59&J59,工作表1!A:H,8,0) -> #N/A | J59: AB001306 | K59: 110
C60: 36KW三相 | D60: AB001350 | E60: 组串式逆变器_TS-SN36KTL3U-S3_36kW_3路_三相_180-1100V_380/400V_NB/T32004_IP66_GPRS_风冷_天合原装专用(40A/40A/20A) | F60: 天合富家-南宁仓 | G60: ==VLOOKUP(F60&J60,工作表1!A:H,8,0) -> #N/A | J60: AB001350 | K60: 190
F61: 天合富家-湘潭仓 | G61: ==VLOOKUP(F61&J61,工作表1!A:H,8,0) -> #N/A | J61: AB001350 | K61: 190
F62: 天合富家-郑州仓 | G62: ==VLOOKUP(F62&J62,工作表1!A:H,8,0) -> #N/A | J62: AB001350 | K62: 190
C63: 40KW三相 | D63: AB001307 | E63: 组串式逆变器_TS-SN40KTL3U-S4_40kW_4路_三相_160-1100V_380/400V_NB/T32004_IP66_GPRS_风冷_天合原装专用(40A/40A/20A/20A) | F63: 天合富家-金华仓 | G63: ==VLOOKUP(F63&J63,工作表1!A:H,8,0) -> 0 | J63: AB001307 | K63: 197
B64: 古瑞瓦特 | C64: 10KW三相 | D64: AB001141 | E64: 组串式逆变器_TS-SN10KTL3F-V2_10kW_2路_三相_160-1100V_380/400V_NB/T32004_IP66_GPRS_风冷_天合原装专用(20A/20A) | F64: 天合富家-常州西北仓 | G64: ==VLOOKUP(F64&J64,工作表1!A:H,8,0) -> #N/A | J64: AB001141 | K64: 24
F65: 天合富家-济南仓 | G65: ==VLOOKUP(F65&J65,工作表1!A:H,8,0) -> 5 | J65: AB001141 | K65: 24
C66: 12KW三相 | D66: AB001142 | E66: 组串式逆变器_TS-SN12KTL3F-V2_12kW_2路_三相_160-1100V_380/400V_NB/T32004_IP66_GPRS_风冷_天合原装专用(20A/20A) | F66: 天合富家-南宁仓 | G66: ==VLOOKUP(F66&J66,工作表1!A:H,8,0) -> 2 | J66: AB001142 | K66: 11
F67: 天合富家-金华仓 | G67: ==VLOOKUP(F67&J67,工作表1!A:H,8,0) -> #N/A | J67: AB001142 | K67: 11
F68: 天合富家-常州西北仓 | G68: ==VLOOKUP(F68&J68,工作表1!A:H,8,0) -> 0 | J68: AB001142 | K68: 11
F69: 天合富家-济南仓 | G69: ==VLOOKUP(F69&J69,工作表1!A:H,8,0) -> #N/A | J69: AB001142 | K69: 11
C70: 15KW三相 | D70: AB001143 | E70: 组串式逆变器_TS-SN15KTL3F-V2_15kW_2路_三相_160-1100V_380/400V_NB/T32004_IP66_GPRS_风冷_天合原装专用(20A/20A) | F70: 天合富家-南宁仓 | G70: ==VLOOKUP(F70&J70,工作表1!A:H,8,0) -> #N/A | J70: AB001143 | K70: 9
F71: 天合富家-常州西北仓 | G71: ==VLOOKUP(F71&J71,工作表1!A:H,8,0) -> #N/A | J71: AB001143 | K71: 9
C72: 33KW三相 | D72: AA001275 | E72: 组串式逆变器_TS-SN33KTL3F-T3_33kW_3路_三相_250-1100V_380/400V_NB/T32004_IP65_GPRS_风冷_天合原装专用(3*26A) | F72: 天合富家-常州西北仓 | G72: ==VLOOKUP(F72&J72,工作表1!A:H,8,0) -> #N/A | J72: AA001275 | K72: 207
C73: 36KW三相 | D73: AA001669 | E73: 组串式逆变器_TS-SN36KTL3F-U3_36kW_3路_三相_250-1100V_380/400V_NB/T32004_IP65_GPRS_风冷_天合原装专用(3*32 A) | F73: 天合富家-郑州仓 | G73: ==VLOOKUP(F73&J73,工作表1!A:H,8,0) -> 0 | J73: AA001669 | K73: 237
C74: 50KW三相 | D74: AB001215 | E74: 组串式逆变器_TS-SN50KTL3F-V4_50kW_4路_三相_200-1100V_380/400V_NB/T32004_IP66_GPRS_风冷_天合原装专用(40A/40A/40A/40A) | F74: 天合富家-徐州仓 | G74: ==VLOOKUP(F74&J74,工作表1!A:H,8,0) -> #N/A | J74: AB001215 | K74: 246
F75: 天合富家-郑州仓 | G75: ==VLOOKUP(F75&J75,工作表1!A:H,8,0) -> #N/A | J75: AB001215 | K75: 246
B76: 固德威 | C76: 10KW三相 | D76: AB001025 | E76: 组串式逆变器_TS-SN10KTL3D-V2_10kW_2路_三相_160-1100V_380/400V_NB/T32004_IP65_GPRS_自然冷却_天合原装专用(22A/22A) | F76: 天合富家-武汉仓 | G76: ==VLOOKUP(F76&J76,工作表1!A:H,8,0) -> 2 | J76: AB001025 | K76: 105
F77: 天合富家-常州西北仓 | G77: ==VLOOKUP(F77&J77,工作表1!A:H,8,0) -> 0 | J77: AB001025 | K77: 105
F78: 天合富家-济南仓 | G78: ==VLOOKUP(F78&J78,工作表1!A:H,8,0) -> #N/A | J78: AB001025 | K78: 105
D79: AA002472 | E79: 组串式逆变器_TS-SN10KTL3D-U2_10kW_2路_三相_180-1100V_380/400V_NB/T32004_IP65_RS485_自然冷却_天合原装专用(18A/18A) | F79: 天合富家-常州西北仓 | G79: ==VLOOKUP(F79&J79,工作表1!A:H,8,0) -> 0 | J79: AA002472 | K79: 136
F80: 天合富家-徐州仓 | G80: ==VLOOKUP(F80&J80,工作表1!A:H,8,0) -> #N/A | J80: AA002472 | K80: 136
F81: 天合富家-郑州仓 | G81: ==VLOOKUP(F81&J81,工作表1!A:H,8,0) -> #N/A | J81: AA002472 | K81: 136
C82: 15KW三相 | D82: AB001027 | E82: 组串式逆变器_TS-SN15KTL3D-V2_15kW_2路_三相_160-1100V_380/400V_NB/T32004_IP65_GPRS_自然冷却_天合原装专用(22A/22A) | F82: 天合富家-佛山仓 | G82: ==VLOOKUP(F82&J82,工作表1!A:H,8,0) -> #N/A | J82: AB001027 | K82: 16
F83: 天合富家-南宁仓 | G83: ==VLOOKUP(F83&J83,工作表1!A:H,8,0) -> #N/A | J83: AB001027 | K83: 16
F84: 天合富家-武汉仓 | G84: ==VLOOKUP(F84&J84,工作表1!A:H,8,0) -> #N/A | J84: AB001027 | K84: 16
F85: 天合富家-金华仓 | G85: ==VLOOKUP(F85&J85,工作表1!A:H,8,0) -> 0 | J85: AB001027 | K85: 16
F86: 天合富家-常州西北仓 | G86: ==VLOOKUP(F86&J86,工作表1!A:H,8,0) -> 22 | J86: AB001027 | K86: 16
F87: 天合富家-济南仓 | G87: ==VLOOKUP(F87&J87,工作表1!A:H,8,0) -> #N/A | J87: AB001027 | K87: 16
F88: 天合富家-徐州仓 | G88: ==VLOOKUP(F88&J88,工作表1!A:H,8,0) -> #N/A | J88: AB001027 | K88: 16
F89: 天合富家-湘潭仓 | G89: ==VLOOKUP(F89&J89,工作表1!A:H,8,0) -> #N/A | J89: AB001027 | K89: 16
C90: 17KW三相 | D90: AB001164 | E90: 组串式逆变器_TS-SN17KTL3D-W2_17kW_2路_三相_160-1100V_380/400V_NB/T32004_IP66_GPRS_风冷_天合原装专用(40A/20A) | F90: 天合富家-南宁仓 | G90: ==VLOOKUP(F90&J90,工作表1!A:H,8,0) -> #N/A | J90: AB001164 | K90: 62
F91: 天合富家-武汉仓 | G91: ==VLOOKUP(F91&J91,工作表1!A:H,8,0) -> #N/A | J91: AB001164 | K91: 62
F92: 天合富家-常州西北仓 | G92: ==VLOOKUP(F92&J92,工作表1!A:H,8,0) -> 0 | J92: AB001164 | K92: 62
F93: 天合富家-徐州仓 | G93: ==VLOOKUP(F93&J93,工作表1!A:H,8,0) -> #N/A | J93: AB001164 | K93: 62
F94: 天合富家-郑州仓 | G94: ==VLOOKUP(F94&J94,工作表1!A:H,8,0) -> 0 | J94: AB001164 | K94: 62
D95: AB001028 | E95: 组串式逆变器_TS-SN17KTL3D-V2_17kW_2路_三相_160-1100V_380/400V_NB/T32004_IP65_GPRS_自然冷却_天合原装专用(32A/22A) | F95: 天合富家-徐州仓 | G95: ==VLOOKUP(F95&J95,工作表1!A:H,8,0) -> #N/A | J95: AB001028 | K95: 108
C96: 20KW三相 | D96: AB001391 | E96: 组串式逆变器_GW20K-SDT-CN-G40_20kW_2路（42A/42A)_三相_140-1000V_380V_NB/T32004-2018_IP66_RS485/4G_智能风冷_固德威_ | F96: 天合富家-常州西北仓 | G96: ==VLOOKUP(F96&J96,工作表1!A:H,8,0) -> #N/A | H96: 原厂机，有现货时交期最快10天，无现货时交期30天 | J96: AB001391 | K96: 39
D97: AB001354 | E97: 组串式逆变器_TS-SN20KTL3D-X2_20kW_2路_三相_160-1100V_380/400V_NB/T32004_IP66_GPRS_风冷_天合原装专用(42A/42A) | F97: 天合富家-佛山仓 | G97: ==VLOOKUP(F97&J97,工作表1!A:H,8,0) -> #N/A | J97: AB001354 | K97: 40
F98: 天合富家-南宁仓 | G98: ==VLOOKUP(F98&J98,工作表1!A:H,8,0) -> #N/A | J98: AB001354 | K98: 40
F99: 天合富家-武汉仓 | G99: ==VLOOKUP(F99&J99,工作表1!A:H,8,0) -> 20 | J99: AB001354 | K99: 40
F100: 天合富家-常州西北仓 | G100: ==VLOOKUP(F100&J100,工作表1!A:H,8,0) -> 24 | J100: AB001354 | K100: 40
...

Sheet 并网箱
B1: 库存更新日期： | C1: 46177 | J1: 此列勿动
B2: 并网箱类型 | C2: 功率 | D2: 物料编号 | E2: 物料名称 | F2: 仓库名称 | G2: 可用库存 | H2: 备注 | J2: 物料编号
B3: 标准一体式并网箱 | C3: 10KW单相 | D3: AA001062 | E3: 并网柜_10KW单相_220V_不锈钢_天合原装专用_TRP-DR-DQ-01-057 | F3: 天合富家-济南仓 | G3: ==VLOOKUP(F3&J3,工作表1!A:H,8,0) -> #N/A | J3: AA001062
F4: 天合富家-郑州仓 | G4: ==VLOOKUP(F4&J4,工作表1!A:H,8,0) -> #N/A | J4: AA001062
C5: 25KW三相 | D5: AA001061 | E5: 并网柜_25KW三相_380V_不锈钢_天合原装专用_TRP-DR-DQ-01-062 | F5: 天合富家-佛山仓 | G5: ==VLOOKUP(F5&J5,工作表1!A:H,8,0) -> #N/A | J5: AA001061
F6: 天合富家-南宁仓 | G6: ==VLOOKUP(F6&J6,工作表1!A:H,8,0) -> 30 | J6: AA001061
F7: 天合富家-武汉仓 | G7: ==VLOOKUP(F7&J7,工作表1!A:H,8,0) -> 84 | J7: AA001061
F8: 天合富家-金华仓 | G8: ==VLOOKUP(F8&J8,工作表1!A:H,8,0) -> 15 | J8: AA001061
F9: 天合富家-常州西北仓 | G9: ==VLOOKUP(F9&J9,工作表1!A:H,8,0) -> 14 | J9: AA001061
F10: 天合富家-济南仓 | G10: ==VLOOKUP(F10&J10,工作表1!A:H,8,0) -> 25 | J10: AA001061
F11: 天合富家-徐州仓 | G11: ==VLOOKUP(F11&J11,工作表1!A:H,8,0) -> #N/A | J11: AA001061
F12: 天合富家-湘潭仓 | G12: ==VLOOKUP(F12&J12,工作表1!A:H,8,0) -> 9 | J12: AA001061
F13: 天合富家-昆明仓 | G13: ==VLOOKUP(F13&J13,工作表1!A:H,8,0) -> 28 | J13: AA001061
F14: 天合富家-郑州仓 | G14: ==VLOOKUP(F14&J14,工作表1!A:H,8,0) -> 59 | J14: AA001061
C15: 30KW三相 | D15: AA001056 | E15: 并网柜_30KW三相_380V_不锈钢_天合原装专用_TRP-DR-DQ-01-063 | F15: 天合富家-佛山仓 | G15: ==VLOOKUP(F15&J15,工作表1!A:H,8,0) -> #N/A | J15: AA001056
F16: 天合富家-南宁仓 | G16: ==VLOOKUP(F16&J16,工作表1!A:H,8,0) -> 36 | J16: AA001056
F17: 天合富家-武汉仓 | G17: ==VLOOKUP(F17&J17,工作表1!A:H,8,0) -> 96 | J17: AA001056
F18: 天合富家-金华仓 | G18: ==VLOOKUP(F18&J18,工作表1!A:H,8,0) -> 28 | J18: AA001056
F19: 天合富家-常州西北仓 | G19: ==VLOOKUP(F19&J19,工作表1!A:H,8,0) -> 17 | J19: AA001056
F20: 天合富家-济南仓 | G20: ==VLOOKUP(F20&J20,工作表1!A:H,8,0) -> 19 | J20: AA001056
F21: 天合富家-徐州仓 | G21: ==VLOOKUP(F21&J21,工作表1!A:H,8,0) -> #N/A | J21: AA001056
F22: 天合富家-湘潭仓 | G22: ==VLOOKUP(F22&J22,工作表1!A:H,8,0) -> 9 | J22: AA001056
F23: 天合富家-昆明仓 | G23: ==VLOOKUP(F23&J23,工作表1!A:H,8,0) -> 77 | J23: AA001056
F24: 天合富家-郑州仓 | G24: ==VLOOKUP(F24&J24,工作表1!A:H,8,0) -> 12 | J24: AA001056
C25: 50KW三相 | D25: AA001653 | E25: 并网柜_50KW三相_380V_不锈钢_天合原装专用_TRP-DR-DQ-01-097 | F25: 天合富家-佛山仓 | G25: ==VLOOKUP(F25&J25,工作表1!A:H,8,0) -> #N/A | J25: AA001653
F26: 天合富家-南宁仓 | G26: ==VLOOKUP(F26&J26,工作表1!A:H,8,0) -> 91 | J26: AA001653
F27: 天合富家-武汉仓 | G27: ==VLOOKUP(F27&J27,工作表1!A:H,8,0) -> 112 | J27: AA001653
F28: 天合富家-金华仓 | G28: ==VLOOKUP(F28&J28,工作表1!A:H,8,0) -> 50 | J28: AA001653
F29: 天合富家-常州西北仓 | G29: ==VLOOKUP(F29&J29,工作表1!A:H,8,0) -> 19 | J29: AA001653
F30: 天合富家-济南仓 | G30: ==VLOOKUP(F30&J30,工作表1!A:H,8,0) -> 50 | J30: AA001653
F31: 天合富家-徐州仓 | G31: ==VLOOKUP(F31&J31,工作表1!A:H,8,0) -> #N/A | J31: AA001653
F32: 天合富家-昆明仓 | G32: ==VLOOKUP(F32&J32,工作表1!A:H,8,0) -> 207 | J32: AA001653
F33: 天合富家-郑州仓 | G33: ==VLOOKUP(F33&J33,工作表1!A:H,8,0) -> 10 | J33: AA001653
C34: 60KW三相 | D34: AA002624 | E34: 并网柜_60KW三相_380V_不锈钢_天合原装专用_TRP-DR-DQ-01-335 | F34: 天合富家-佛山仓 | G34: ==VLOOKUP(F34&J34,工作表1!A:H,8,0) -> #N/A | J34: AA002624
F35: 天合富家-武汉仓 | G35: ==VLOOKUP(F35&J35,工作表1!A:H,8,0) -> 11 | J35: AA002624
F36: 天合富家-金华仓 | G36: ==VLOOKUP(F36&J36,工作表1!A:H,8,0) -> 3 | J36: AA002624
F37: 天合富家-常州西北仓 | G37: ==VLOOKUP(F37&J37,工作表1!A:H,8,0) -> #N/A | J37: AA002624
F38: 天合富家-济南仓 | G38: ==VLOOKUP(F38&J38,工作表1!A:H,8,0) -> 9 | J38: AA002624
F39: 天合富家-湘潭仓 | G39: ==VLOOKUP(F39&J39,工作表1!A:H,8,0) -> 0 | J39: AA002624
F40: 天合富家-昆明仓 | G40: ==VLOOKUP(F40&J40,工作表1!A:H,8,0) -> 68 | J40: AA002624
C41: 100KW三相 | D41: AA002743 | E41: 并网柜_100KW三相_380V_不锈钢_天合原装专用_TRP-DR-DQ-0004 | F41: 天合富家-佛山仓 | G41: ==VLOOKUP(F41&J41,工作表1!A:H,8,0) -> #N/A | J41: AA002743
F42: 天合富家-南宁仓 | G42: ==VLOOKUP(F42&J42,工作表1!A:H,8,0) -> 26 | J42: AA002743
F43: 天合富家-武汉仓 | G43: ==VLOOKUP(F43&J43,工作表1!A:H,8,0) -> 22 | J43: AA002743
F44: 天合富家-金华仓 | G44: ==VLOOKUP(F44&J44,工作表1!A:H,8,0) -> 15 | J44: AA002743
F45: 天合富家-常州西北仓 | G45: ==VLOOKUP(F45&J45,工作表1!A:H,8,0) -> 25 | J45: AA002743
F46: 天合富家-济南仓 | G46: ==VLOOKUP(F46&J46,工作表1!A:H,8,0) -> 51 | J46: AA002743
F47: 天合富家-徐州仓 | G47: ==VLOOKUP(F47&J47,工作表1!A:H,8,0) -> #N/A | J47: AA002743
F48: 天合富家-昆明仓 | G48: ==VLOOKUP(F48&J48,工作表1!A:H,8,0) -> 27 | J48: AA002743
F49: 天合富家-郑州仓 | G49: ==VLOOKUP(F49&J49,工作表1!A:H,8,0) -> 23 | J49: AA002743
B50: 单刀闸带漏保（剩余电流保护）并网箱 | C50: 10KW单相 | D50: AB001171 | E50: 并网柜_10KW单相(漏保版)_380V_不锈钢_天合原装专用_TRP-DR-DQ-0046 | F50: 天合富家-常州西北仓 | G50: ==VLOOKUP(F50&J50,工作表1!A:H,8,0) -> 12 | J50: AB001171
F51: 天合富家-徐州仓 | G51: ==VLOOKUP(F51&J51,工作表1!A:H,8,0) -> #N/A | J51: AB001171
C52: 25KW三相 | D52: AA001652 | E52: 并网柜_25KW三相_380V_不锈钢_天合原装专用_TRP-DR-DQ-01-098 | F52: 天合富家-金华仓 | G52: ==VLOOKUP(F52&J52,工作表1!A:H,8,0) -> 20 | J52: AA001652
F53: 天合富家-常州西北仓 | G53: ==VLOOKUP(F53&J53,工作表1!A:H,8,0) -> 82 | J53: AA001652
F54: 天合富家-济南仓 | G54: ==VLOOKUP(F54&J54,工作表1!A:H,8,0) -> #N/A | J54: AA001652
F55: 天合富家-徐州仓 | G55: ==VLOOKUP(F55&J55,工作表1!A:H,8,0) -> #N/A | J55: AA001652
C56: 30KW三相 | D56: AA001311 | E56: 并网柜_30KW三相_380V_不锈钢_天合原装专用_TRP-DR-DQ-01-084 | F56: 天合富家-金华仓 | G56: ==VLOOKUP(F56&J56,工作表1!A:H,8,0) -> 4 | J56: AA001311
F57: 天合富家-常州西北仓 | G57: ==VLOOKUP(F57&J57,工作表1!A:H,8,0) -> 42 | J57: AA001311
F58: 天合富家-济南仓 | G58: ==VLOOKUP(F58&J58,工作表1!A:H,8,0) -> 1 | J58: AA001311
F59: 天合富家-徐州仓 | G59: ==VLOOKUP(F59&J59,工作表1!A:H,8,0) -> #N/A | J59: AA001311
F60: 天合富家-郑州仓 | G60: ==VLOOKUP(F60&J60,工作表1!A:H,8,0) -> 0 | J60: AA001311
C61: 50KW三相 | D61: AA001312 | E61: 并网柜_50KW三相_380V_不锈钢_天合原装专用_TRP-DR-DQ-01-085 | F61: 天合富家-金华仓 | G61: ==VLOOKUP(F61&J61,工作表1!A:H,8,0) -> 16 | J61: AA001312
F62: 天合富家-常州西北仓 | G62: ==VLOOKUP(F62&J62,工作表1!A:H,8,0) -> 56 | J62: AA001312
F63: 天合富家-徐州仓 | G63: ==VLOOKUP(F63&J63,工作表1!A:H,8,0) -> #N/A | J63: AA001312
F64: 天合富家-郑州仓 | G64: ==VLOOKUP(F64&J64,工作表1!A:H,8,0) -> #N/A | J64: AA001312
C65: 60KW三相 | D65: AB001172 | E65: 并网柜_60KW三相(漏保版)_380V_不锈钢_天合原装专用_TRP-DR-DQ-0047 | F65: 天合富家-金华仓 | G65: ==VLOOKUP(F65&J65,工作表1!A:H,8,0) -> 9 | J65: AB001172
F66: 天合富家-常州西北仓 | G66: ==VLOOKUP(F66&J66,工作表1!A:H,8,0) -> 57 | J66: AB001172
F67: 天合富家-徐州仓 | G67: ==VLOOKUP(F67&J67,工作表1!A:H,8,0) -> #N/A | J67: AB001172
F68: 天合富家-郑州仓 | G68: ==VLOOKUP(F68&J68,工作表1!A:H,8,0) -> #N/A | J68: AB001172
B69: 塑壳重合闸并网箱（剩余电流保护器） | C69: 25KW三相 | D69: AA002505 | E69: 并网柜_25KW三相_380V_不锈钢_天合原装专用_TRP-DR-DQ-01-334 | F69: 天合富家-佛山仓 | G69: ==VLOOKUP(F69&J69,工作表1!A:H,8,0) -> #N/A | J69: AA002505
F70: 天合富家-常州西北仓 | G70: ==VLOOKUP(F70&J70,工作表1!A:H,8,0) -> 69 | J70: AA002505
C71: 30KW三相 | D71: AA002504 | E71: 并网柜_30KW三相_380V_不锈钢_天合原装专用_TRP-DR-DQ-01-331 | F71: 天合富家-佛山仓 | G71: ==VLOOKUP(F71&J71,工作表1!A:H,8,0) -> #N/A | J71: AA002504
F72: 天合富家-金华仓 | G72: ==VLOOKUP(F72&J72,工作表1!A:H,8,0) -> 10 | J72: AA002504
F73: 天合富家-常州西北仓 | G73: ==VLOOKUP(F73&J73,工作表1!A:H,8,0) -> 19 | J73: AA002504
C74: 50KW三相 | D74: AA002502 | E74: 并网柜_50KW三相_380V_不锈钢_天合原装专用_TRP-DR-DQ-01-332 | F74: 天合富家-金华仓 | G74: ==VLOOKUP(F74&J74,工作表1!A:H,8,0) -> 11 | J74: AA002502
F75: 天合富家-常州西北仓 | G75: ==VLOOKUP(F75&J75,工作表1!A:H,8,0) -> 40 | J75: AA002502
F76: 天合富家-湘潭仓 | G76: ==VLOOKUP(F76&J76,工作表1!A:H,8,0) -> 9 | J76: AA002502
C77: 60KW三相 | D77: AA002503 | E77: 并网柜_60KW三相_380V_不锈钢_天合原装专用_TRP-DR-DQ-01-333 | F77: 天合富家-佛山仓 | G77: ==VLOOKUP(F77&J77,工作表1!A:H,8,0) -> #N/A | J77: AA002503
F78: 天合富家-金华仓 | G78: ==VLOOKUP(F78&J78,工作表1!A:H,8,0) -> 9 | J78: AA002503
F79: 天合富家-常州西北仓 | G79: ==VLOOKUP(F79&J79,工作表1!A:H,8,0) -> 9 | J79: AA002503
C80: 100KW三相 | D80: AB001003 | E80: 并网柜_100KW三相_380V_不锈钢_天合原装专用_TRP-DR-DQ-0016 | F80: 天合富家-常州西北仓 | G80: ==VLOOKUP(F80&J80,工作表1!A:H,8,0) -> 9 | J80: AB001003
F81: 天合富家-湘潭仓 | G81: ==VLOOKUP(F81&J81,工作表1!A:H,8,0) -> 17 | J81: AB001003
B82: 防孤岛重合闸并网箱 | C82: 25KW三相 | D82: AB001126 | E82: 并网柜_25KW三相（防孤岛重合闸）_380V_不锈钢_天合原装专用_TRP-DR-DQ-0034 | F82: 天合富家-佛山仓 | G82: ==VLOOKUP(F82&J82,工作表1!A:H,8,0) -> #N/A | J82: AB001126
F83: 天合富家-金华仓 | G83: ==VLOOKUP(F83&J83,工作表1!A:H,8,0) -> 11 | J83: AB001126
C84: 30KW三相 | D84: AB001127 | E84: 并网柜_30KW三相（防孤岛重合闸）_380V_不锈钢_天合原装专用_TRP-DR-DQ-0035 | F84: 天合富家-佛山仓 | G84: ==VLOOKUP(F84&J84,工作表1!A:H,8,0) -> #N/A | J84: AB001127
F85: 天合富家-金华仓 | G85: ==VLOOKUP(F85&J85,工作表1!A:H,8,0) -> 10 | J85: AB001127
C86: 50KW三相 | D86: AB001128 | E86: 并网柜_50KW三相（防孤岛重合闸）_380V_不锈钢_天合原装专用_TRP-DR-DQ-0036 | F86: 天合富家-佛山仓 | G86: ==VLOOKUP(F86&J86,工作表1!A:H,8,0) -> #N/A | J86: AB001128
F87: 天合富家-金华仓 | G87: ==VLOOKUP(F87&J87,工作表1!A:H,8,0) -> 15 | J87: AB001128
C88: 60KW三相 | D88: AB001129 | E88: 并网柜_60KW三相（防孤岛重合闸）_380V_不锈钢_天合原装专用_TRP-DR-DQ-0037 | F88: 天合富家-金华仓 | G88: ==VLOOKUP(F88&J88,工作表1!A:H,8,0) -> 15 | J88: AB001129
C89: 100KW三相 | D89: AB001130 | E89: 并网柜_100KW三相（防孤岛重合闸）_380V_不锈钢_天合原装专用_TRP-DR-DQ-0038 | F89: 天合富家-佛山仓 | G89: ==VLOOKUP(F89&J89,工作表1!A:H,8,0) -> #N/A | J89: AB001130
F90: 天合富家-金华仓 | G90: ==VLOOKUP(F90&J90,工作表1!A:H,8,0) -> 8 | J90: AB001130
B91: 河南版（费控开关） | C91: 10KW单相 | D91: AB001077 | E91: 并网柜_10KW单相（费控开关版）_220V_不锈钢_天合原装专用_TRP-DR-DQ-0028 | F91: 天合富家-郑州仓 | G91: ==VLOOKUP(F91&J91,工作表1!A:H,8,0) -> 1 | J91: AB001077
C92: 25KW三相 | D92: AB001078 | E92: 并网柜_25KW三相（费控开关版）_380V_不锈钢_天合原装专用_TRP-DR-DQ-0029 | F92: 天合富家-金华仓 | G92: ==VLOOKUP(F92&J92,工作表1!A:H,8,0) -> 3 | J92: AB001078
F93: 天合富家-徐州仓 | G93: ==VLOOKUP(F93&J93,工作表1!A:H,8,0) -> #N/A | J93: AB001078
F94: 天合富家-郑州仓 | G94: ==VLOOKUP(F94&J94,工作表1!A:H,8,0) -> 9 | J94: AB001078
C95: 30KW三相 | D95: AB001079 | E95: 并网柜_30KW三相（费控开关版）_380V_不锈钢_天合原装专用_TRP-DR-DQ-0030 | F95: 天合富家-金华仓 | G95: ==VLOOKUP(F95&J95,工作表1!A:H,8,0) -> #N/A | J95: AB001079
F96: 天合富家-徐州仓 | G96: ==VLOOKUP(F96&J96,工作表1!A:H,8,0) -> #N/A | J96: AB001079
F97: 天合富家-郑州仓 | G97: ==VLOOKUP(F97&J97,工作表1!A:H,8,0) -> 20 | J97: AB001079
C98: 50KW三相 | D98: AB001080 | E98: 并网柜_50KW三相（费控开关版）_380V_不锈钢_天合原装专用_TRP-DR-DQ-0031 | F98: 天合富家-金华仓 | G98: ==VLOOKUP(F98&J98,工作表1!A:H,8,0) -> #N/A | J98: AB001080
F99: 天合富家-徐州仓 | G99: ==VLOOKUP(F99&J99,工作表1!A:H,8,0) -> #N/A | J99: AB001080
F100: 天合富家-郑州仓 | G100: ==VLOOKUP(F100&J100,工作表1!A:H,8,0) -> 66 | J100: AB001080
...

Sheet 工作表1
B1: 仓库编号 | C1: 仓库名称 | D1: 物料编号 | E1: 物料名称 | F1: 物料类型 | G1: 单位 | H1: 可用库存
A2: ==C2&D2 -> 天合富家-武汉仓6B001364 | B2: TRP(HB)01 | C2: 天合富家-武汉仓 | D2: 6B001364 | E2: 销售组件_TDN-NEG04MC(II)_705W_18BB_银边框_横/竖装_倒斜角_EPE/高透_安装孔间距1400_2384*1303*33_Q1 | F2: 组件 | G2: PC | H2: 0
A3: ==C3&D3 -> 天合富家-武汉仓6B001396 | B3: TRP(HB)01 | C3: 天合富家-武汉仓 | D3: 6B001396 | E3: TDW-NEG04MC(II)_710W_18BB_银边框_横/竖装_倒斜角_EPE/高透_安装孔间距1400_2384*1303*33_Q1 | F3: 组件 | G3: PC | H3: 0
A4: ==C4&D4 -> 天合富家-售后仓6A002004 | B4: TRP(SH)01 | C4: 天合富家-售后仓 | D4: 6A002004 | E4: RSVG销售组件_TSM-PD14_320W_5BB_银边框_40mm_横装_Q1 | F4: 组件 | G4: PC | H4: 24
A5: ==C5&D5 -> 天合富家-售后仓6A003599 | B5: TRP(SH)01 | C5: 天合富家-售后仓 | D5: 6A003599 | E5: RSVG销售组件_TSM-PE15H_335W_5BB_银边框_35mm_竖装_Q1 | F5: 组件 | G5: PC | H5: 1
A6: ==C6&D6 -> 代理商虚拟仓6A008386 | B6: JXSXNC | C6: 代理商虚拟仓 | D6: 6A008386 | E6: RSVG销售组件_TSM-DE19_555W_12BB_银边框_35mm_竖装_倒斜角_高反_2384*1096mm_Q1 | F6: 组件 | G6: PC | H6: 44
A7: ==C7&D7 -> 代理商虚拟仓6B001055 | B7: JXSXNC | C7: 代理商虚拟仓 | D7: 6B001055 | E7: RSVG销售组件_TDW-DE04M(II)_660W_12BB_银边框_35mm_竖装_倒斜角_高反_2384*1303mm_Q1 | F7: 组件 | G7: PC | H7: 13
A8: ==C8&D8 -> 代理商虚拟仓6B001056 | B8: JXSXNC | C8: 代理商虚拟仓 | D8: 6B001056 | E8: RSVG销售组件_TDW-DE04M(II)_665W_12BB_银边框_35mm_竖装_倒斜角_高反_2384*1303mm_Q1 | F8: 组件 | G8: PC | H8: 24
A9: ==C9&D9 -> 代理商虚拟仓6B001083 | B9: JXSXNC | C9: 代理商虚拟仓 | D9: 6B001083 | E9: RSVG销售组件_TSM-DE21_660W_12BB_银边框_33mm_竖装_倒斜角_高反_2384*1303mm_Q1 | F9: 组件 | G9: PC | H9: 0
A10: ==C10&D10 -> 代理商虚拟仓6B001084 | B10: JXSXNC | C10: 代理商虚拟仓 | D10: 6B001084 | E10: RSVG销售组件_TSM-DE21_665W_12BB_银边框_33mm_竖装_倒斜角_高反_2384*1303mm_Q1 | F10: 组件 | G10: PC | H10: 0
A11: ==C11&D11 -> 代理商虚拟仓6B001160 | B11: JXSXNC | C11: 代理商虚拟仓 | D11: 6B001160 | E11: 销售组件_TDA-DEG04MC(II)_665W_12BB_银边框_横/竖装_倒斜角_高透/EPE_2384*1303*35_Q1 | F11: 组件 | G11: PC | H11: 0
A12: ==C12&D12 -> 代理商虚拟仓6B001252 | B12: JXSXNC | C12: 代理商虚拟仓 | D12: 6B001252 | E12: 销售组件_TDW-DEG04MC(II)_665W_12BB_银边框_横/竖装_倒斜角_高透/EPE_2384*1303*33_Q1 | F12: 组件 | G12: PC | H12: 0
A13: ==C13&D13 -> 代理商虚拟仓6B001270 | B13: JXSXNC | C13: 代理商虚拟仓 | D13: 6B001270 | E13: 销售组件_TDE-DEG04MC(II)_665W_12BB_银边框_横/竖装_倒斜角_高透/EPE_2384*1303*33_Q1 | F13: 组件 | G13: PC | H13: 0
... A3629: ==C3629&D3629 -> 天合富家-郑州仓RFBZH845 | B3629: TRP(ZZ)01 | C3629: 天合富家-郑州仓 | D3629: RFBZH845 | E3629: 备品备件_户用电站警示牌 | F3629: 其他底层物料 | G3629: PC | H3629: 1044
